Comment,Source
Mark Carney dominated the race to replace Justin Trudeau. Now what?  CBC.ca,Google News
Liberal Party of Canada announces Mark Carney as Leader  Liberal Party of Canada,Google News
Prime Minister Carney to strengthen ties with France and the United Kingdom and reaffirm Canada’s sovereignty  Prime Minister of Canada,Google News
"Mark Carney | Liberal Party, Biography, & Facts  Britannica",Google News
Mark Carney takes Liberal party leadership in landslide 1st ballot win  APTN News,Google News
"Banker Mark Carney Wins Race to Lead Liberal Party, and Canada  The New York Times",Google News
"Who is Mark Carney, Canada’s new Liberal leader and next prime minister?  Al Jazeera English",Google News
Mark Carney: Canada's next PM vows to win trade war with Trump  BBC.com,Google News
Mark Carney wins race to replace Justin Trudeau  SooToday,Google News
"Mark Carney to Donald Trump: ‘Canada never, ever will be part of America’  POLITICO",Google News
"Mark Carney sworn in as prime minister, unveils leaner cabinet  National Post",Google News
Lorne Gunter: Mark Carney had an easy ride into role as Liberal leader and new PM  Edmonton Journal,Google News
"Who is Mark Carney, Canada’s new prime minister  The Associated Press",Google News
"As new PM, Mark Carney says Canada is in a ‘moment of crisis’  Global News Kingston",Google News
Swearing-in of the 30th Canadian Ministry  Prime Minister of Canada,Google News
Liberal leadership race: Mark Carney elected in landslide to be next prime minister  CBC.ca,Google News
FIRST READING: Mark Carney's not really supposed to be doing anything  National Post,Google News
Prime Minister Mark Carney tries to turn the page  CBC.ca,Google News
How long will Mark Carney's honeymoon in Quebec last?  CBC.ca,Google News
Mark Carney steps into an unprecedented moment  CBC.ca,Google News
"The outside man moves inside. Meet Mark Carney, Canada's 24th prime minister  National Post",Google News
"Prime Minister Mark Carney vows to get ‘straight to work,’ hints election coming  CTV News",Google News
Mark Carney wins race to replace Trudeau as Canada's prime minister  Reuters Canada,Google News
"Mark Carney is the new prime minister, here's what's unusual about it  Ottawa Citizen",Google News
"After landslide victory, Mark Carney meets with Trudeau as transition to power begins  CBC News",Google News
"Mark Carney aims for smaller cabinet, team planning to drop over a dozen ministers: sources  CBC News",Google News
Mark Carney’s victory getting mixed reviews from Indigenous Liberals  APTN News,Google News
Mark Carney live updates: Canada's next PM vows to win trade war as Ontario plans electricity tariffs on US  BBC.com,Google News
"Carney takes power, calling it a 'solemn duty' to serve as PM in a time of crisis  CBC News",Google News
"Mark Carney sworn in as Canada’s new prime minister, replacing Trudeau  Al Jazeera English",Google News
"Carney transition team met with PMO staff Tuesday, hope for PM swearing-in by Friday  CBC.ca",Google News
Mark Carney arrives at Rideau Hall for swearing-in  CBC.ca,Google News
Mark Carney elected as new Liberal leader. What’s next?  Global News Kingston,Google News
Canada: Mark Carney sworn in as 24th prime minister  DW (English),Google News
"Terry Glavin: Who is this Mark Carney guy, anyway?  National Post",Google News
"Prime Minister Mark Carney vows to get ‘straight to work,’ hints election coming  CTV News",Google News
Mark Carney wins Liberal Party vote to replace Trudeau as Canada’s prime minister  PBS NewsHour,Google News
"Mark Carney 'has what it takes' to deal with Trump, say Manitoba politicians  CBC.ca",Google News
Mark Carney could be Canada's shortest-serving prime minister  CBC.ca,Google News
Mark Carney camp offers role to former Quebec premier Jean Charest: sources  CBC News,Google News
Mark Carney prepares tighter cabinet with many Trudeau stalwarts out  The Globe and Mail,Google News
Read Mark Carney’s first remarks as prime minister  Global News Kingston,Google News
"What you need to know about Mark Carney, Canada’s next prime minister  The Logic",Google News
‘No mandate to govern’: The Hub reacts to Mark Carney becoming Canada’s 24th prime minister  The Hub,Google News
Mark Carney to be sworn in as prime minister on Friday  Toronto Star,Google News
"Freeland to be transport minister, Guilbeault Quebec lieutenant in Carney cabinet: sources  CBC News",Google News
Mark Carney vows to keep ‘Canada strong’ against Donald Trump after Liberal leadership victory  Toronto Star,Google News
Read and watch Mark Carney's full victory speech after winning Liberal leadership  CBC News,Google News
Would Mark Carney be Canada’s first unelected prime minister?  CityNews Toronto,Google News
"Opinion: Mark Carney has a great resumé, but can he connect with people?  The Globe and Mail",Google News
Mark Carney must keep an expansionist America at bay  The Economist,Google News
"In landslide win, Mark Carney chosen as new Liberal Party leader and next PM  CBC News",Google News
Why Mark Carney is dropping both his Irish and U.K. passports  CBC.ca,Google News
Canada’s designated PM Mark Carney meets Trudeau as Trump threat looms  The Guardian,Google News
Mark Carney to be sworn in as Canada’s next prime minister Friday  Global News Kingston,Google News
Lorne Gunter: Advantageous for Liberal Leader Mark Carney to call an election quickly  Edmonton Journal,Google News
"Prime Minister Mark Carney focused on economy, sovereignty in 1st speech  CBC.ca",Google News
"Who is Mark Carney, Canada's next prime minister?  CBC.ca",Google News
Braid: A Liberal prime minister elected from an Alberta riding? Carney might do it  Calgary Herald,Google News
"Canada wants ‘most positive possible’ U.S. relations, Carney says  Global News Kingston",Google News
"Mark Carney is the new Liberal leader, replacing Justin Trudeau  Global News Kingston",Google News
"As Mark Carney is sworn in, America’s democratic decline has critical lessons for Canadian voters  The Conversation",Google News
"Opinion | If he wins, Mark Carney will make a great prime minister. There’s just one advantage I wish he didn’t have  Toronto Star",Google News
Mark Carney is Canada’s next prime minister — for now  POLITICO,Google News
Read Mark Carney’s full speech after becoming Liberal leader  CTV News,Google News
Mark Carney to replace Justin Trudeau as the next prime minister of Canada  CTV News,Google News
"David Olive: Mark Carney proposes to ‘spend less, invest more.’ Now convince us — and fast  Toronto Star",Google News
Mark Carney set to replace Justin Trudeau as Canada's prime minister  FRANCE 24 English,Google News
Mark Carney’s first day as prime minister shows he’s got the bones of a plan to manage crisis  Toronto Star,Google News
"Prime Minister Mark Carney to visit France, U.K. for first foreign trip  National Post",Google News
Mark Carney wins Liberal leadership by a landslide with 86% of votes  National Post,Google News
"Mark Carney is no ally of the oilpatch, says Alberta Premier Danielle Smith as she calls for election  CBC.ca",Google News
Mark Carney to be sworn in as prime minister on Friday  CTV News,Google News
Prime Minister Mark Carney arrives in Paris to meet with European allies amid U.S. trade war  CBC.ca,Google News
"Mark Carney meets with outgoing Prime Minister Justin Trudeau, says transition to power will be ‘quick’  The Globe and Mail",Google News
"Mark Carney’s stance on oil and gas, explained  The Narwhal",Google News
"Canada ‘will never be part of the US’, says new PM Mark Carney amid trade war  The Guardian",Google News
How will Mark Carney reinvent the Liberal party now that he is leader?  Toronto Star,Google News
Prime Minister Mark Carney sworn-in as party leaders gear up for campaign  CBC.ca,Google News
Who is Mark Carney? Here’s some background on Canada’s next prime minister  CityNews Toronto,Google News
Mark Carney will become Canada's 24th prime minister on Friday  Canada's National Observer,Google News
The question that Mark Carney must answer in an election  The Globe and Mail,Google News
Mark Carney is the new Liberal leader. Read his full acceptance speech here  Global News Kingston,Google News
Mark Carney has been voted as the new Liberal leader. Now what happens?  CTV News,Google News
No Alberta representation in Prime Minister Mark Carney’s new cabinet  Global News Kingston,Google News
Mark Carney to be next Canada PM after winning Liberal leadership race  The Guardian,Google News
Can Mark Carney win an election in Canada and a trade war with the US?  Financial Times,Google News
Insiders say Mark Carney has a new chief of staff and told Liberal MPs to be ready  Toronto Star,Google News
"Mark Carney chosen as new Liberal leader, replacing Trudeau  CBC.ca",Google News
Prime Minister-designate Mark Carney says Liberals will kill their own capital gains tax changes  BetaKit - Canadian Startup News,Google News
"Mark Carney, the Liberal who may lead Canada  The Economist",Google News
Poll: Mark Carney seen as the best person for the job by most Quebecers  CityNews Montreal,Google News
"Opinion: The office, an election and the world are rushing at Mark Carney like no rookie PM before  The Globe and Mail",Google News
Mark Carney to name a cabinet within days. Here’s what he’ll need to consider  Toronto Star,Google News
David Staples: Mark Carney's new economic promises go against everything he values  Edmonton Journal,Google News
"Mark Carney, the ‘boring guy’ whose economic acumen could help Canada tackle Trump  The Guardian",Google News
"Mark Carney Wins Canada Liberal Contest, Will Succeed Trudeau in Days  Yahoo Finance",Google News
"Freeland's in, Gould is out: Here's the complete list of PM Mark Carney's first cabinet  National Post",Google News
